gsm_id	sample_name	assay
GSM2635065	CAPTURE-3C-seq_K562_sgHS1-rep1	3C-Seq
GSM2635066	CAPTURE-3C-seq_K562_sgHS1-rep2	3C-Seq
GSM2635067	CAPTURE-3C-seq_K562_sgHS1-combined	3C-Seq
GSM2635068	CAPTURE-3C-seq_K562_sgHS2-rep1	3C-Seq
GSM2635069	CAPTURE-3C-seq_K562_sgHS2-rep2	3C-Seq
GSM2635070	CAPTURE-3C-seq_K562_sgHS2-rep3	3C-Seq
GSM2635071	CAPTURE-3C-seq_K562_sgHS2-combined	3C-Seq
GSM2635072	CAPTURE-3C-seq_K562_sgHS3-rep1	3C-Seq
GSM2635073	CAPTURE-3C-seq_K562_sgHS3-rep2	3C-Seq
GSM2635074	CAPTURE-3C-seq_K562_sgHS3-rep3	3C-Seq
GSM2635075	CAPTURE-3C-seq_K562_sgHS3-combined	3C-Seq
GSM2635076	CAPTURE-3C-seq_K562_sgHS4-rep1	3C-Seq
GSM2635077	CAPTURE-3C-seq_K562_sgHS4-rep2	3C-Seq
GSM2635078	CAPTURE-3C-seq_K562_sgHS4-combined	3C-Seq
GSM2635083	CAPTURE-3C-seq_K562_sgHBB-rep1	3C-Seq
GSM2635084	CAPTURE-3C-seq_K562_sgHBB-rep2	3C-Seq
GSM2635085	CAPTURE-3C-seq_K562_sgHBB-rep3	3C-Seq
GSM2635086	CAPTURE-3C-seq_K562_sgHBB-combined	3C-Seq
GSM2635087	CAPTURE-3C-seq_K562_sgHBG-rep1	3C-Seq
GSM2635088	CAPTURE-3C-seq_K562_sgHBG-rep2	3C-Seq
GSM2635089	CAPTURE-3C-seq_K562_sgHBG-rep3	3C-Seq
GSM2635090	CAPTURE-3C-seq_K562_sgHBG-combined	3C-Seq
GSM2635091	CAPTURE-3C-seq_K562_sgHBD-1kb-rep1	3C-Seq
GSM2635092	CAPTURE-3C-seq_K562_sgHBD-1kb-rep2	3C-Seq
GSM2635093	CAPTURE-3C-seq_K562_sgHBD-1kb-rep3	3C-Seq
GSM2635094	CAPTURE-3C-seq_K562_sgHBD-1kb-combined	3C-Seq
GSM2635095	CAPTURE-3C-seq_K562_sgHBD-1.5kb-rep1	3C-Seq
GSM2635096	CAPTURE-3C-seq_K562_sgHBD-1.5kb-rep2	3C-Seq
GSM2635097	CAPTURE-3C-seq_K562_sgHBD-1.5kb-combined	3C-Seq
GSM2635098	CAPTURE-3C-seq_K562_sgHBD-2kb-rep1	3C-Seq
GSM2635099	CAPTURE-3C-seq_K562_sgHBD-2kb-rep2	3C-Seq
GSM2635100	CAPTURE-3C-seq_K562_sgHBD-2kb-combined	3C-Seq
GSM2635101	CAPTURE-3C-seq_K562_sg3NHS1-rep1	3C-Seq
GSM2635102	CAPTURE-3C-seq_K562_sg3NHS1-rep2	3C-Seq
GSM2635103	CAPTURE-3C-seq_K562_sg3NHS1-rep3	3C-Seq
GSM2635104	CAPTURE-3C-seq_K562_sg3NHS1-combined	3C-Seq
GSM2635105	CAPTURE-3C-seq_K562_sgGal4_no_capture_control	3C-Seq
GSM2635106	CAPTURE-3C-seq_K562_gDNA_control	3C-Seq
GSM2635107	CAPTURE-3C-seq_K562_sgHS2--sg3-rep1	3C-Seq
GSM2635108	CAPTURE-3C-seq_K562_sgHS2--sg3-rep2	3C-Seq
GSM2635109	CAPTURE-3C-seq_K562_sgHS2--sg3-rep3	3C-Seq
GSM2635110	CAPTURE-3C-seq_K562_sgHS2-sg3-combined	3C-Seq
GSM2635111	CAPTURE-3C-seq_K562_sgHS2--sg4-rep1	3C-Seq
GSM2635112	CAPTURE-3C-seq_K562_sgHS2--sg4-rep2	3C-Seq
GSM2635113	CAPTURE-3C-seq_K562_sgHS2--sg4-rep3	3C-Seq
GSM2635114	CAPTURE-3C-seq_K562_sgHS2-sg4-combined	3C-Seq
GSM2635115	CAPTURE-3C-seq_K562_sgHS2--sg5-rep1	3C-Seq
GSM2635116	CAPTURE-3C-seq_K562_sgHS2--sg5-rep2	3C-Seq
GSM2635117	CAPTURE-3C-seq_K562_sgHS2--sg5-rep3	3C-Seq
GSM2635118	CAPTURE-3C-seq_K562_sgHS2-sg5-combined	3C-Seq
GSM2635119	CAPTURE-3C-seq_K562_sgHS3--sg2-rep1	3C-Seq
GSM2635120	CAPTURE-3C-seq_K562_sgHS3--sg2-rep2	3C-Seq
GSM2635121	CAPTURE-3C-seq_K562_sgHS3--sg2-rep3	3C-Seq
GSM2635122	CAPTURE-3C-seq_K562_sgHS3-sg2-combined	3C-Seq
GSM2635123	CAPTURE-3C-seq_K562_sgHS3--sg3-rep1	3C-Seq
GSM2635124	CAPTURE-3C-seq_K562_sgHS3--sg3-rep2	3C-Seq
GSM2635125	CAPTURE-3C-seq_K562_sgHS3-sg3-combined	3C-Seq
GSM2635126	CAPTURE-3C-seq_K562_sgHS3--sg4-rep1	3C-Seq
GSM2635127	CAPTURE-3C-seq_K562_sgHS3--sg4-rep2	3C-Seq
GSM2635128	CAPTURE-3C-seq_K562_sgHS3--sg4-rep3	3C-Seq
GSM2635129	CAPTURE-3C-seq_K562_sgHS3-sg4-combined	3C-Seq
GSM2635130	CAPTURE-3C-seq_K562-HBD-1k-del_sgHS3-rep1	3C-Seq
GSM2635131	CAPTURE-3C-seq_K562-HBD-1k-del_sgHS3-rep2	3C-Seq
GSM2635132	CAPTURE-3C-seq_K562-HBD-1k-del_sgHS3-combined	3C-Seq
GSM2635133	CAPTURE-3C-seq_K562-HBD-1k-del_sg3NHS1-rep1	3C-Seq
GSM2635134	CAPTURE-3C-seq_K562-HBD-1k-del_sg3NHS1-rep2	3C-Seq
GSM2635135	CAPTURE-3C-seq_K562-HBD-1k-del_sg3NHS1-combined	3C-Seq
GSM2635136	CAPTURE-3C-seq_ESC-KH2_sgEsrrb-SE	3C-Seq
GSM2635137	CAPTURE-3C-seq_ESC-KH2_sgUtf-1-SE	3C-Seq
GSM2635138	CAPTURE-3C-seq_ESC-KH2_sgOct4-SE	3C-Seq
GSM2635139	CAPTURE-3C-seq_ESC-KH2_sgSox2-SE	3C-Seq
GSM2635140	CAPTURE-3C-seq_EB-KH2_sgEsrrb-SE	3C-Seq
GSM2635141	CAPTURE-3C-seq_EB-KH2_sgUtf-1-SE	3C-Seq
GSM2635142	CAPTURE-3C-seq_EB-KH2_sgOct4-SE	3C-Seq
GSM2635143	CAPTURE-3C-seq_EB-KH2_sgSox2-SE	3C-Seq
GSM2635188	CAPTURE-ChIP-seq_K562_sgHS1-rep1	ChIP-Seq
GSM2635189	CAPTURE-ChIP-seq_K562_sgHS1-rep2	ChIP-Seq
GSM2635190	CAPTURE-ChIP-seq_K562_sgHS2-rep1	ChIP-Seq
GSM2635191	CAPTURE-ChIP-seq_K562_sgHS2-rep2	ChIP-Seq
GSM2635192	CAPTURE-ChIP-seq_K562_sgHS2-rep3	ChIP-Seq
GSM2635193	CAPTURE-ChIP-seq_K562_sgHS2-rep4	ChIP-Seq
GSM2635194	CAPTURE-ChIP-seq_K562_sgHS2-rep5	ChIP-Seq
GSM2635195	CAPTURE-ChIP-seq_K562_sgHS3-rep1	ChIP-Seq
GSM2635196	CAPTURE-ChIP-seq_K562_sgHS3-rep2	ChIP-Seq
GSM2635197	CAPTURE-ChIP-seq_K562_sgHS3-rep3	ChIP-Seq
GSM2635198	CAPTURE-ChIP-seq_K562_sgHS4-rep1	ChIP-Seq
GSM2635199	CAPTURE-ChIP-seq_K562_sgHS4-rep2	ChIP-Seq
GSM2635200	CAPTURE-ChIP-seq_K562_sgHS5-rep1	ChIP-Seq
GSM2635201	CAPTURE-ChIP-seq_K562_sgHS5-rep2	ChIP-Seq
GSM2635202	CAPTURE-ChIP-seq_K562_sgHS5-rep3	ChIP-Seq
GSM2635203	CAPTURE-ChIP-seq_K562_sgHBB-rep1	ChIP-Seq
GSM2635204	CAPTURE-ChIP-seq_K562_sgHBG-rep1	ChIP-Seq
GSM2635205	CAPTURE-ChIP-seq_K562_sgHBG-rep2	ChIP-Seq
GSM2635206	CAPTURE-ChIP-seq_K562_sgHBG-rep3	ChIP-Seq
GSM2635207	CAPTURE-ChIP-seq_K562_sgHBG-rep4	ChIP-Seq
GSM2635208	CAPTURE-ChIP-seq_K562_sgHBD-1kb-rep1	ChIP-Seq
GSM2635209	CAPTURE-ChIP-seq_K562_sgHBD-1kb-rep2	ChIP-Seq
GSM2635210	CAPTURE-ChIP-seq_K562_sg3NHS1-rep1	ChIP-Seq
GSM2635211	CAPTURE-ChIP-seq_K562_sg3NHS1-rep2	ChIP-Seq
GSM2635212	CAPTURE-ChIP-seq_K562_sgHS1-5-rep1	ChIP-Seq
GSM2635213	CAPTURE-ChIP-seq_K562_sgHS1-5-rep2	ChIP-Seq
GSM2635214	CAPTURE-ChIP-seq_K562_sgHS1-5-rep3	ChIP-Seq
GSM2635215	CAPTURE-ChIP-seq_K562_sgHS1-5-rep4	ChIP-Seq
GSM2635216	CAPTURE-ChIP-seq_K562_sgHS1-5-rep5	ChIP-Seq
GSM2635217	CAPTURE-ChIP-seq_K562_sgHS1-5-rep6	ChIP-Seq
GSM2635218	CAPTURE-ChIP-seq_K562_sgGal4-rep1	ChIP-Seq
GSM2635219	CAPTURE-ChIP-seq_K562_sgGal4-rep2	ChIP-Seq
GSM2635220	CAPTURE-ChIP-seq_K562_sgGal4-rep3	ChIP-Seq
GSM2635221	CAPTURE-ChIP-seq_K562_sgGal4-rep4	ChIP-Seq
GSM2635222	CAPTURE-ChIP-seq_K562_no_sgRNA-rep1	ChIP-Seq
GSM2635223	CAPTURE-ChIP-seq_K562_sgHS1-sg2-rep1	ChIP-Seq
GSM2635224	CAPTURE-ChIP-seq_K562_sgHS1-sg2-rep2	ChIP-Seq
GSM2635225	CAPTURE-ChIP-seq_K562_sgHS2-sg2	ChIP-Seq
GSM2635226	CAPTURE-ChIP-seq_K562_sgHS3-sg2	ChIP-Seq
GSM2635227	CAPTURE-ChIP-seq_K562_sgHS4-sg2-rep1	ChIP-Seq
GSM2635228	CAPTURE-ChIP-seq_K562_sgHS4-sg2-rep2	ChIP-Seq
GSM2635229	CAPTURE-ChIP-seq_K562_sgHS5-sg2-rep1	ChIP-Seq
GSM2635230	CAPTURE-ChIP-seq_K562_sgHS5-sg2-rep2	ChIP-Seq
GSM2635231	CAPTURE-ChIP-seq_K562_sgHBB-sg2-rep1	ChIP-Seq
GSM2635232	CAPTURE-ChIP-seq_K562_sgHBB-sg2-rep2	ChIP-Seq
GSM2635233	CAPTURE-ChIP-seq_K562_sgHBG-sg2-rep1	ChIP-Seq
GSM2635234	CAPTURE-ChIP-seq_K562_sgHBG-sg2-rep2	ChIP-Seq
GSM2635235	CAPTURE-ChIP-seq_K562_sgHS2-Streptavidin	ChIP-Seq
GSM2635236	CAPTURE-ChIP-seq_K562_sgHS2-Cas9	ChIP-Seq
GSM2635237	CAPTURE-ChIP-seq_K562_sgHS2-Flag	ChIP-Seq
GSM2635238	CAPTURE-ChIP-seq_K562_sgHBG-Streptavidin	ChIP-Seq
GSM2635239	CAPTURE-ChIP-seq_K562_sgHBG-Cas9	ChIP-Seq
GSM2635240	CAPTURE-ChIP-seq_K562_sgHBG-Flag	ChIP-Seq
GSM2635241	CAPTURE-ChIP-seq_ESC-KH2_sgEsrrb-SE	ChIP-Seq
GSM2635242	CAPTURE-ChIP-seq_ESC-KH2_sgOct4-SE	ChIP-Seq
GSM2635243	CAPTURE-ChIP-seq_ESC-KH2_sgSox2-SE	ChIP-Seq
GSM2635244	CAPTURE-ChIP-seq_ESC-KH2_sgUtf1-SE	ChIP-Seq
GSM2635245	CAPTURE-ChIP-seq_EB-KH2_sgEsrrb-SE	ChIP-Seq
GSM2635246	CAPTURE-ChIP-seq_EB-KH2_sgOct4-SE	ChIP-Seq
GSM2635247	CAPTURE-ChIP-seq_EB-KH2_sgSox2-SE	ChIP-Seq
GSM2635248	CAPTURE-ChIP-seq_EB-KH2_sgUtf1-SE	ChIP-Seq
GSM2635249	ChIP-seq_K562_DMSO_BRD4	ChIP-Seq
GSM2635250	ChIP-seq_K562_DMSO_RNAPII	ChIP-Seq
GSM2635251	ChIP-seq_K562_JQ1-2h_BRD4	ChIP-Seq
GSM2635252	ChIP-seq_K562_JQ1-2h_RNAPII	ChIP-Seq
GSM2635253	ChIP-seq_K562_JQ1-6h_BRD4	ChIP-Seq
GSM2635254	ChIP-seq_K562_JQ1-6h_RNAPII	ChIP-Seq
GSM2635255	ChIP-seq_K562_NUP98	ChIP-Seq
GSM2635256	ChIP-seq_K562_NUP153	ChIP-Seq
GSM2635259	RNA-seq_K562_FB-dCas9-BirA_sgGal4-rep1	RNA-Seq
GSM2635260	RNA-seq_K562_FB-dCas9-BirA_sgGal4-rep2	RNA-Seq
GSM2635261	RNA-seq_K562_FB-dCas9-BirA_sgGal4-rep3	RNA-Seq
GSM2635262	RNA-seq_K562_FB-dCas9-BirA_sgHBG-rep1	RNA-Seq
GSM2635263	RNA-seq_K562_FB-dCas9-BirA_sgHBG-rep2	RNA-Seq
GSM2635264	RNA-seq_K562_FB-dCas9-BirA_sgHBG-rep3	RNA-Seq
GSM2635265	RNA-seq_K562_FB-dCas9-BirA_sgHS2-rep1	RNA-Seq
GSM2635266	RNA-seq_K562_FB-dCas9-BirA_sgHS2-rep2	RNA-Seq
GSM2635267	RNA-seq_K562_FB-dCas9-BirA_sgHS2-rep3	RNA-Seq
GSM2635268	RNA-seq_K562_FB-dCas9-BirA_sgHS1-5-rep1	RNA-Seq
GSM2635269	RNA-seq_K562_FB-dCas9-BirA_sgHS1-5-rep2	RNA-Seq
GSM2635270	RNA-seq_K562_FB-dCas9-BirA_sgHS1-5-rep3	RNA-Seq
GSM2635271	RNA-seq_K562_WT-rep1	RNA-Seq
GSM2635272	RNA-seq_K562_WT-rep2	RNA-Seq
GSM2695560	ATAC-seq_K562_Control-rep1	ChIP-Seq
GSM2695561	ATAC-seq_K562_Control-rep2	ChIP-Seq
GSM2695562	ATAC-seq_K562_Control-rep3	ChIP-Seq
GSM2695563	ATAC-seq_K562_HBD-1kb_KO-rep1	ChIP-Seq
GSM2695564	ATAC-seq_K562_HBD-1kb_KO-rep2	ChIP-Seq
GSM2695565	ATAC-seq_K562_HBD-1kb_KO-rep3	ChIP-Seq
GSM2695566	ATAC-seq_ESC-KH2_rep1	ChIP-Seq
GSM2695567	ATAC-seq_ESC-KH2_rep2	ChIP-Seq
GSM2695568	ATAC-seq_ESC-KH2_rep3	ChIP-Seq
GSM2695569	ATAC-seq_ESC-KH2_rep4	ChIP-Seq
GSM2695570	ATAC-seq_EB-KH2_rep1	ChIP-Seq
GSM2695571	ATAC-seq_EB-KH2_rep2	ChIP-Seq
GSM2695572	ATAC-seq_EB-KH2_rep3	ChIP-Seq
GSM2695573	ATAC-seq_EB-KH2_rep4	ChIP-Seq
GSM2695589	ChIP-seq_ESC-KH2_H3K27ac_rep1	ChIP-Seq
GSM2695590	ChIP-seq_ESC-KH2_H3K27ac_rep2	ChIP-Seq
GSM2695591	ChIP-seq_EB-KH2_H3K27ac	ChIP-Seq
